区域,楼盘名称,总价,面积,单价
东城,08年商品房，小户型，2梯6户，集中供暖，有门禁,460万,27.38平米,"168,006元/平"
东城,70年产权商品房 精装修 有燃气 满五年唯一 朝南,619万,63.35平米,"97,712元/平"
东城,东二环 东直门外大街 春秀路小区中国港湾家属楼,685万,60.63平米,"112,981元/平"
东城,东二环 西水井胡同 东西通透 正规两居室 电梯房,738万,74.95平米,"98,466元/平"
东城,东二环 阳光都市 紧挨工体三里屯,2200万,240.55平米,"91,458元/平"
东城,东二环内中间楼层，东南两居满五年，电梯楼。,628万,59.87平米,"104,894元/平"
东城,东交民巷 满五唯一 中高层 独立小区 可免费停车,620万,49.38平米,"125,557元/平"
东城,东单 金宝街 东堂子 中间楼层 户型好 诚意出售,525万,44.32平米,"118,457元/平"
东城,东南三居室 全天采光 封闭式管理 人车分流 距地铁50米,1130万,97.45平米,"115,957元/平"
东城,东四十条  二环里大两居  独门独院   业主诚售,750万,73.09平米,"102,614元/平"
东城,东四地铁 板楼 精装小户型  低层双南二居 东四西大街,668万,52.17平米,"128,043元/平"
东城,东城 西革新里110号院 满五年唯一,362万,44.44平米,"81,459元/平"
东城,东城二环里新改造小区靠公园地铁,430万,45.59平米,"94,319元/平"
东城,东城二环里长安街畔，70年产权，贡院九号，精装,1480万,156.83平米,"94,370元/平"
东城,东城区  南北通透两居室 中间层,535万,72.8平米,"73,490元/平"
东城,东城区  小两居室 近地铁 精装修 满五年唯一,529万,64.56平米,"81,940元/平"
东城,东城区 09年商品房社区 东向两居室,666万,80.77平米,"82,457元/平"
东城,东城区 2001年商品房 南向两居 双阳台 满五唯一,913万,114.17平米,"79,969元/平"
东城,东城区 2015   朝南两居  精装修,588万,71.35平米,"82,411元/平"
东城,东城区 向新西里 全南2居 满五唯一诚心出售,528万,54.47平米,"96,935元/平"
东城,东城区 定安里  南北通透两居室,450万,57.3平米,"78,535元/平"
东城,东城区 悠胜美苑 03年新楼 商品房 视野好,545万,70.17平米,"77,669元/平"
东城,东城区 次新小区 一梯四户 使用面积大 东南向高层,698万,67.53平米,"103,362元/平"
东城,东城区东直门外  十字坡东里  田字格三居室 中间楼层,789万,72.37平米,"109,024元/平"
东城,东城区南北2居室，无遮挡采光好,485万,68.62平米,"70,680元/平"
东城,东城区和平里中街3号院   户型好,1130万,95.27平米,"118,611元/平"
东城,东城区崇文门 草厂八条  平房,270万,16.3平米,"165,645元/平"
东城,东城区崇文门国瑞城东区南北两居室,935万,79.57平米,"117,507元/平"
东城,东城区崇文门国瑞城中区 两居室朝东视野直观好,830万,69.69平米,"119,099元/平"
东城,东城区广渠家园 2009年楼龄 地铁7号线 板楼一梯三户,695万,62.34平米,"111,486元/平"
东城,东城区的一居室，南向无遮挡，有电梯，楼龄新,390万,47.25平米,"82,540元/平"
东城,东城区聚龙花园南北三居室满五唯一,1290万,180.58平米,"71,437元/平"
东城,东城区，90年钢混结构，户型方正，视野好，阳光充足,615万,79.39平米,"77,466元/平"
东城,东城区，三居，东南向，中间楼层，有车位！,725万,66.45平米,"109,105元/平"
东城,东城区，西南两居室高楼层无遮挡 满五年,880万,91.57平米,"96,102元/平"
东城,东城和平里两居带厅 封闭小区环境好 楼龄新,768万,65.82平米,"116,682元/平"
东城,东城和平里五区一居室  值得选择,555万,40.57平米,"136,801元/平"
东城,东城天天家园 板楼南北通透2居 一梯两户带电梯 采光好,960万,126.73平米,"75,752元/平"
东城,东城广渠门交管局家属楼电梯2居不临街视野开阔,756万,70.72平米,"106,901元/平"
东城,东城龙体区域南北通透2居室近龙潭湖公园,550万,48.22平米,"114,061元/平"
东城,东城，赵堂子胡同小区，精装自住，中粮和商务部家属楼,565万,41.66平米,"135,622元/平"
东城,东堂子胡同，精装修两居室，随时可看,568万,65.47平米,"86,758元/平"
东城,东直门 东城区 东方银座 西南向两居室,870万,113.17平米,"76,876元/平"
东城,东花市北里中区 3室2厅 南 北,1038万,100.27平米,"103,521元/平"
东城,东西通透  明厨明卫 中间楼层 临近公园 业主诚心出售,575万,52.95平米,"108,594元/平"
东城,东黄城根南街 南北通透 央产房满五年封闭式管理可停车,640万,58.3平米,"109,778元/平"
东城,中海紫御公馆  开发商精装两居 对小区花园,1150万,91.86平米,"125,191元/平"
东城,中海紫御公馆明厨明卫双南向大卧室两居,1028万,90.08平米,"114,121元/平"
东城,二环内新上东南两居室 诚心出售,660万,51.17平米,"128,982元/平"
东城,交道口北头条楼房 南北通透3居 满五唯一 随时看房,855万,69.99平米,"122,161元/平"
东城,京城仁合 不临二环不临火车 2018年装修 无遮挡采光好,1050万,114.51平米,"91,696元/平"
东城,京城仁合朝东向两居室没有遮挡视野开阔。,1100万,100.14平米,"109,847元/平"
东城,人车分流，环境好、高层，楼层好、东西不临街，景观好,1600万,139.17平米,"114,968元/平"
东城,仓南胡同小区，南北通透无遮挡，视野开阔,750万,41.88平米,"179,084元/平"
东城,位置优越，格局方正，公摊小，随时看房。,1589万,131.09平米,"121,215元/平"
东城,光明楼 南北通透两居室   中间楼层 不临街,588万,54.19平米,"108,508元/平"
东城,全南向 无遮挡 精装修 周边配套齐全 诚心出售,688万,58.45平米,"117,708元/平"
东城,兴隆都市馨园全南两居，双阳台，得房率92%,798万,72.73平米,"109,721元/平"
东城,北二环  东河沿  精装修  电梯直达 两室一厅,752万,59.68平米,"126,006元/平"
东城,北二环 2006年社区 房子精装修 满两年,898万,81.74平米,"109,861元/平"
东城,北官厅胡同甲2号院，民政局家属院，南北通透,710万,57.12平米,"124,300元/平"
东城,北河沿大街 中间楼层东向两居室,666万,53.03平米,"125,590元/平"
东城,华城滨河世家 满五唯一  明厨双卫,1228万,102.54平米,"119,759元/平"
东城,华城滨河世家+高层大一居+两居格局+满五唯一+钥匙房,830万,66.1平米,"125,568元/平"
东城,协和胡同 户型方正 产权清晰 无抵押,265万,15.1平米,"175,497元/平"
东城,南北通透两居，视野采光好，有物业管理,608万,58.61平米,"103,737元/平"
东城,南北通透大一居，高楼层，没遮挡，满五年业主随时签约,595万,54.46平米,"109,255元/平"
东城,南岗子  南向  采光充足  视野宽阔,439万,41.34平米,"106,193元/平"
东城,双玉中街43号院 一梯两户 南北通透三居室 明厨明卫,820万,78平米,"105,129元/平"
东城,和平里七区 西南朝向 田字格户型,899万,74.4平米,"120,834元/平"
东城,和平里七区满五年央产双南向两居,682万,50.65平米,"134,650元/平"
东城,和平里三区 1室1厅 南 北,645万,43.69平米,"147,632元/平"
东城,和平里中街3号院 2006年建成 有地下车库 管理严格,1380万,106.98平米,"128,997元/平"
东城,和平里交林两居室南北向满五年唯一,703万,54.2平米,"129,705元/平"
东城,和平里北街丙14号  南北通透三居室  民族出版社分房,1300万,115.52平米,"112,535元/平"
东城,和平里北街丙14号 民族出版社分房年代新，交通便利,1118万,91.98平米,"121,549元/平"
东城,商务部家属院 东交民巷 东单 全南两居室，满五年唯一,636万,49.79平米,"127,737元/平"
东城,国瑞城东区，南向一居室，次顶层，落地窗，采光无挡,659万,61.78平米,"106,669元/平"
东城,国瑞城中区  高层 南向一居室,633万,58.67平米,"107,892元/平"
东城,国瑞城高层南北三居室 地铁崇文门站,1699万,157.42平米,"107,928元/平"
东城,地坛北里 正规两居室 精装修 拎包入住,738万,56.9平米,"129,702元/平"
东城,夕照寺西里满五年唯一，南北格局，视野采光充足，,480万,38.97平米,"123,172元/平"
东城,外交部街33号院 低楼层 满五年 前后无遮挡 闹中取静,1300万,82.41平米,"157,748元/平"
东城,天坛东门  长青园  南北通透 采光好,540万,54.6平米,"98,902元/平"
东城,太华公寓B座小区房源经纪人点评,725万,104.38平米,"69,458元/平"
东城,安交 美术馆后街 电梯直达 诚意出售,705万,56.26平米,"125,312元/平"
东城,安定门外大街一居室带电梯，三环内，正对花园。,540万,46.83平米,"115,311元/平"
东城,富贵园1居室中间楼层，小区人车分流距离地铁100米，,648万,63.74平米,"101,664元/平"
东城,富贵园一区小洋房，中高楼层全明格局采光好，无遮挡,1330万,87.94平米,"151,240元/平"
东城,富贵园三区，西向两居室，采光好，无遮挡。,760万,81.59平米,"93,149元/平"
东城,小黄庄1区  高楼层双朝南精装两居,784万,72.44平米,"108,228元/平"
东城,崇文门 广渠门 东花市 商品房满五唯一,759万,81.56平米,"93,061元/平"
东城,崇文门东大街高楼层电梯房南北通透两居室,605万,59.97平米,"100,884元/平"
东城,崇文门国瑞城中区南北三居，前后观景，双明卫，有钥匙,2230万,186.63平米,"119,488元/平"
东城,常闻天坛龙吟声，二环从此住进来 满五年唯一二环里,520万,65.52平米,"79,366元/平"
东城,幸福家园三期，对花园，明厨明卫，满五年家庭唯一住房,1568万,129.67平米,"120,923元/平"
东城,广渠门 东环居苑 商品小区 西南两居室,790万,75.71平米,"104,346元/平"
东城,广渠门内大街 不临街 交通方便,655万,63.93平米,"102,456元/平"
东城,广渠门内大街 户型方正三居室 采光好,790万,79.4平米,"99,497元/平"
东城,广渠门内大街两居室满五年唯一诚心出售,623万,60.38平米,"103,180元/平"
东城,广渠门忠实里 三居室 东南向 有电梯采光好,720万,82.2平米,"87,592元/平"
东城,广渠门桥 金世纪嘉园西南两居室出售,850万,108.11平米,"78,624元/平"
东城,忠实里东区 中间层 带电梯 商品房,632万,57.71平米,"109,514元/平"
东城,房子南北通透，满五年唯一住房，中间楼层视野开阔。,899万,77.02平米,"116,723元/平"
东城,房本满五年唯一央产房 业主卖房也是换房诚心出售,699万,56.55平米,"123,608元/平"
东城,新上电梯房，二环里，龙潭湖，采光好！,550万,61.3平米,"89,723元/平"
东城,新景家园东区 全凸南向一居室 满五年唯一 随时看,765万,59.65平米,"128,249元/平"
东城,新景家园东区 商品房 东西三居室 满五年唯一,1160万,88.45平米,"131,148元/平"
东城,新景家园东区，南北通透两居室，地铁2.5.7号线沿线。,885万,82.41平米,"107,390元/平"
东城,日化家属院 东北三居 电梯直达,735万,74.58平米,"98,552元/平"
东城,明厨明卫，精装修，满五唯一，不临街,1080万,90.15平米,"119,801元/平"
东城,普渡寺 东西通透 精装 小户型复式一居 长安街,820万,56.16平米,"146,012元/平"
东城,朝内大街  精装修 南北东通透两居室 中间楼层随时签约,690万,63.88平米,"108,016元/平"
东城,朝内大街203号院 高楼 电梯直达 东南向三居  明厨明卫,985万,75.42平米,"130,602元/平"
东城,朝阳门  南北通透的四居室  业主诚意出售 随时签约,2390万,247.09平米,"96,726元/平"
东城,朝阳门内 竹杆胡同 南北通透两居室,810万,68.25平米,"118,682元/平"
东城,朝阳门北小街 低楼层南北通透两居室 收钥匙随时看房,905万,67.96平米,"133,167元/平"
东城,本家润园C区  视野好  临地铁  两居室  配套成熟,720万,70.22平米,"102,535元/平"
东城,板厂南里  低楼层 南北通透 满五年唯一 不临街,590万,50.04平米,"117,906元/平"
东城,板厂南里全南两居室，业主诚心出售,547万,49.73平米,"109,994元/平"
东城,桃条胡同满五年唯一跃层南北两居室,640万,44.74平米,"143,049元/平"
东城,此房满五年，家庭一套住房，业主诚心出售，无遮挡,650万,61.8平米,"105,178元/平"
东城,民安小区东直门北中街 南北通透 无遮挡 低楼层两居室,830万,74.81平米,"110,948元/平"
东城,沙滩后街55号院 南北通透  精装修两居室 满五唯一,780万,56.91平米,"137,059元/平"
东城,海晟名苑北区西向开间，视野无遮挡，精装修拎包入住,530万,46平米,"115,218元/平"
东城,海运仓 满五唯一，全南格局，楼层好，采光充足，,815万,64.52平米,"126,318元/平"
东城,海运仓小区环境好，商品房满五唯一，诚心出售,1070万,88.93平米,"120,320元/平"
东城,海运仓规整社区 三室两卫复式带电梯 南北朝向采光好,1150万,95.18平米,"120,824元/平"
东城,清水苑社区 东西向明厨明卫 满五年唯一商品房,765万,81.51平米,"93,854元/平"
东城,满五唯一，贷款和全款都合适，南北两居室全明格局,475万,50.77平米,"93,560元/平"
东城,灯市口大街 南北通透两居室，电梯直达,885万,68.82平米,"128,597元/平"
东城,琉璃井东街 2室1厅 南 北,486万,54.65平米,"88,930元/平"
东城,电梯直达，采光无遮挡，产权清晰，精装修，随时签约,580万,55.87平米,"103,813元/平"
东城,禄米仓胡同，次顶层南北正规两居室，产权清晰，可签约,990万,73.6平米,"134,511元/平"
东城,竹杆胡同：低楼层满五年优质房源,795万,68.25平米,"116,484元/平"
东城,菊儿胡同 4室1厅 南 北,1430万,92.35平米,"154,846元/平"
东城,西革新里124号 2室1厅 东 西,430万,57.38平米,"74,940元/平"
东城,豆瓣胡同，电梯直达，精装修，采光好，视野开阔,940万,71.44平米,"131,579元/平"
东城,豆瓣西区，满五唯一，南北通透，高层电梯房,950万,70.83平米,"134,124元/平"
东城,都市馨园 满五年唯一 带阳台 朝南 不临街,445万,36.7平米,"121,254元/平"
东城,金桥国际此房满五唯一，配套设施齐全，交通便利,470万,47.99平米,"97,938元/平"
东城,长青园小区 低楼层 南北通透 采光好,535万,53.08平米,"100,792元/平"
东城,青年湖东里 南北通透 无遮挡 诚意出售 看房方便,1360万,122.48平米,"111,039元/平"
东城,青年湖东里 满五年 青年湖公园 房主诚意卖,514万,39.71平米,"129,439元/平"
东城,青年湖公园，中间楼层，满五年唯一两居室,768万,57.91平米,"132,620元/平"
东城,高层正南向一居 户型方正 近地铁 诚意出售 采光充足,768万,61.59平米,"124,696元/平"
东城,高楼层，户型方正，南向，房本满五年家庭名下唯一,643万,60.84平米,"105,688元/平"
东城,鼓楼 六铺炕 朝东 正规两居室 方便看房,638万,53.49平米,"119,275元/平"
东城,龙体区域 全南向小两居 满五年唯一商本 中间层 无遮挡,600万,52.17平米,"115,009元/平"
东城,龙潭湖 龙潭北里小区 规整社区 配套齐全全南向三居室,630万,65.37平米,"96,375元/平"
朝阳,10号院低楼层三居室 南北通透 无遮挡,400万,68.86平米,"58,089元/平"
朝阳,6号线 十里堡 南北通透两居 交通便利 看房方便,308万,58.26平米,"52,867元/平"
朝阳,万豪国际公寓 北向 正规一居室,475万,69.22平米,"68,622元/平"
朝阳,三元桥，满五唯一，全明格局低楼层两居室,408万,57.83平米,"70,552元/平"
朝阳,上京新航线 2室1厅 东北,799万,83.06平米,"96,196元/平"
朝阳,上观二期高层观景三居，通透全明格局，装修好可拎包住,1650万,184.36平米,"89,499元/平"
朝阳,东一时区满五年唯一，全明格局2居有地铁看房方便,449万,85.11平米,"52,756元/平"
朝阳,东三环双井东院 南北通透三居室 看房随时,550万,76.37平米,"72,018元/平"
朝阳,东南北三面采光，正看园林湖景，明厨双明卫，只有契税,1790万,175.16平米,"102,193元/平"
朝阳,东南向loft，满五年家庭一套，精装修，视野采光好,479万,52.72平米,"90,858元/平"
朝阳,东四环外，东向中高层大两居，满五唯一,550万,103.62平米,"53,079元/平"
朝阳,东西通透 居家装修 带电梯 满五年一套住房 近鸟巢,596万,83.43平米,"71,438元/平"
朝阳,中和家园 3室2厅 西 东,760万,100.57平米,"75,570元/平"
朝阳,中海安德鲁斯庄园东区 大联排 北入户 南花园有挑空,1800万,342.79平米,"52,511元/平"
朝阳,主卧观景拐角大阳台  客厅落地阳台直视小区梵高广场,708万,115.25平米,"61,432元/平"
朝阳,丽都高家园东南高层观景两居室，业主诚心出售,408万,63.06平米,"64,701元/平"
朝阳,二期西南正规二居 集中供暖 采光好 视野佳,762万,95.61平米,"79,699元/平"
朝阳,亚运花园 满五唯一 东南大两居 双卫,782万,113.66平米,"68,802元/平"
朝阳,京通苑 2003年建成 落地阳台,390万,86.22平米,"45,234元/平"
朝阳,京通苑南向三居 高层无遮挡 看房方便,750万,195.78平米,"38,309元/平"
朝阳,住欣家园 此房是满五年的商品房 空置 看房随时,405万,68.91平米,"58,773元/平"
朝阳,光熙门北里双南两居室中间层诚意出售,490万,60.21平米,"81,382元/平"
朝阳,公园1872小区 西南向两居 低楼层 看房方便,1210万,143.58平米,"84,274元/平"
朝阳,公安局宿舍 2室2厅 东南,590万,87.8平米,"67,199元/平"
朝阳,兴隆家园 满五唯一 诚意出售 无遮挡,460万,66.1平米,"69,592元/平"
朝阳,农光里中社区 三居室 满五年唯一 业主诚意出售,485万,94.54平米,"51,302元/平"
朝阳,农光里小区 精装修 户型方正 近地铁,430万,66.78平米,"64,391元/平"
朝阳,劲松一区 1室1厅 南,248万,37.89平米,"65,453元/平"
朝阳,劲松一区，精装修，电梯直达，近地铁,309万,48.76平米,"63,372元/平"
朝阳,劲松七区 三居 光明桥 龙潭湖 南北通透,360万,60.32平米,"59,682元/平"
朝阳,北3.7环 大两居 满五唯一 司法部家属楼管理好,588万,71.19平米,"82,596元/平"
朝阳,北京青年城 南北通透 采光好交通便利,980万,160.97平米,"60,881元/平"
朝阳,区域聚焦 南向精装2居 中高楼层 拎包入住 满五唯一,348万,75.74平米,"45,947元/平"
朝阳,十里堡三居室 南北通透 前后无遮挡 中间三层 随时看房,428万,69.2平米,"61,850元/平"
朝阳,华严北里小区 3室1厅 西南,880万,81.5平米,"107,976元/平"
朝阳,华威北里满五唯一电梯房卧室朝南,299万,45.98平米,"65,029元/平"
朝阳,华威西里 近地铁 满五年唯一 一室一厅 采光好,325万,46.91平米,"69,282元/平"
朝阳,华瀚国际 3室2厅 南 北,1400万,164.98平米,"84,859元/平"
朝阳,华美橡树岭 南北两居 满五年唯一 有钥匙,408万,91.52平米,"44,581元/平"
朝阳,华腾园 看花园 无遮挡 业主诚意出售,860万,129.54平米,"66,389元/平"
朝阳,华腾园南向三居，正看花园，精装修，有固定车位,985万,126.14平米,"78,088元/平"
朝阳,南北通透3居室 无遮挡 视野好  看房随时,710万,105.57平米,"67,254元/平"
朝阳,南北通透四居室 高楼层 全天采光无遮挡 户型方正,1220万,154.01平米,"79,216元/平"
朝阳,南北通透带电梯复式 高楼层全天采光 满五年 随时可看,1166万,130.26平米,"89,514元/平"
朝阳,南北通透正规两居室 满五年唯一  板楼一梯两户,1100万,121.42平米,"90,595元/平"
朝阳,南向2居  只有契税  直角阳台 小区中间位置 明卫,655万,96.88平米,"67,610元/平"
朝阳,南向两居 满五唯一  诚意出售 无抵押,530万,79.56平米,"66,617元/平"
朝阳,南沙滩小区 2室1厅 南 北,530万,68.21平米,"77,702元/平"
朝阳,南沙滩小区，高层视野开阔，配套齐全，交通便利 。,436万,52.9平米,"82,420元/平"
朝阳,双井 精装修 中间层 明厨明卫 南向 户型方正,225万,30.35平米,"74,136元/平"
朝阳,双卧朝南 正观小区花园，视野开阔 无遮挡 诚意卖,939万,89.76平米,"104,613元/平"
朝阳,双合家园 满五唯一 南北通透两居室 采光好,380万,89.29平米,"42,558元/平"
朝阳,双花园南里一区高层的正规大三居 双阳台无浪费面积,720万,144.27平米,"49,907元/平"
朝阳,合生国际花园 北排南向对花园 安静 采光好 09年板楼,1080万,101.97平米,"105,914元/平"
朝阳,名苑雅居南北通透，户型方正、满五唯一、诚心出售,710万,84.52平米,"84,004元/平"
朝阳,吕营嘉园A区 南北向两居室 看房方便,426万,87.74平米,"48,553元/平"
朝阳,和乔 层高4.9米 精装修拎包入住 业主诚售 随时看房,649万,79.18平米,"81,966元/平"
朝阳,和平街十三区高层西南两居室，满5年唯一随时签约,668万,71.01平米,"94,072元/平"
朝阳,和平街十二区 2室1厅 南,665万,78.34平米,"84,887元/平"
朝阳,商品房，满五年，家庭在京唯一 住房，纯板楼,278万,63.5平米,"43,780元/平"
朝阳,嘉美风尚跃层复式 东南向 高层 无遮挡落地窗 随时可看,1320万,193.17平米,"68,334元/平"
朝阳,国美家园、此房楼层好、采光更是没有遮挡、诚意出售,555万,79.52平米,"69,794元/平"
朝阳,国美第一城2号院 全南两居 双卫 全明格局 满五唯一,665万,95.83平米,"69,394元/平"
朝阳,国美第一城2号院 南北通透 三居室  户型方正,857万,133.36平米,"64,263元/平"
朝阳,国际村受欢迎的三居室，不临街，边户型，看房方便,1500万,150.4平米,"99,735元/平"
朝阳,城与墅 上叠别墅 客厅挑高6米 南北通透4+1户型 精装修,850万,165.55平米,"51,345元/平"
朝阳,天畅园 高楼层 视野采光好 户型方正,895万,179.76平米,"49,789元/平"
朝阳,天鹅湾北区 南北三叠复式  全明格局  视野开阔,1810万,293.67平米,"61,634元/平"
朝阳,奥园一期 双卧朝南大平层三居 中间位置 业主诚售,1200万,139.07平米,"86,288元/平"
朝阳,季景沁园 南北3居室 精装修 随时看房,1250万,142.06平米,"87,991元/平"
朝阳,安华里社区  精装修 南北田字格三居室 满五唯一,730万,85.48平米,"85,401元/平"
朝阳,安贞西里 全明两居室 满五年唯一  看房随时,588万,60.59平米,"97,046元/平"
朝阳,安贞西里新上3居室 ，高楼层，视野好，楼道干净,750万,76.02平米,"98,659元/平"
朝阳,安贞里 军休所 满五唯一 中间层,880万,88.17平米,"99,808元/平"
朝阳,定福庄西街 南北通透三居 低楼层,328万,78.03平米,"42,036元/平"
朝阳,富力又一城A区  高层观景  满五唯一 看房方便,489万,94.73平米,"51,621元/平"
朝阳,富力又一城A区 2室2厅 南,520万,95.39平米,"54,514元/平"
朝阳,富力又一城C区 南北通透三居室 中间楼层 前后观景,840万,155.14平米,"54,145元/平"
朝阳,将府家园 2004年楼龄 不临街 看房方便,725万,125.32平米,"57,852元/平"
朝阳,峻峰华亭 跃层户型  满五年  看房方便  采光充足,795万,162.45平米,"48,939元/平"
朝阳,工体东路 南北通透两居室 全明格局 低楼层不临街,420万,48.29平米,"86,975元/平"
朝阳,左家庄北里 全明格局 采光视野好,330万,45.09平米,"73,187元/平"
朝阳,左家庄北里，楼层适宜，居住舒适，两居室，靠谱出售,375万,53.6平米,"69,963元/平"
朝阳,常营乡鑫兆佳园 满五年唯一，有钥匙，看房方便,415万,66.51平米,"62,397元/平"
朝阳,店长推荐 高楼层西南向的两居 景观萧太后河 采光好,370万,78.32平米,"47,243元/平"
朝阳,弘善家园 无遮档 中高楼层 主卧带阳台 明厨,498万,89.29平米,"55,774元/平"
朝阳,弘善家园东南二三环近地铁精装修三居满五唯一,499万,90.4平米,"55,200元/平"
朝阳,慧忠里小区中间南北两居，中间层，采光视野都好,619万,58.45平米,"105,903元/平"
朝阳,户型方正，三个方向采光，高层无遮挡,440万,109.77平米,"40,084元/平"
朝阳,明厨明卫，南北3居，满五唯一，大阳台能喝茶晒太阳,1360万,145.82平米,"93,266元/平"
朝阳,易构空间 板楼 南北通透 3居室 中间楼层 户型方正,960万,116.07平米,"82,709元/平"
朝阳,晨光B区  南北三居  满五唯一  诚意出售  随时签约,880万,133.96平米,"65,692元/平"
朝阳,望京单价6.5万小板楼两梯三户满五年，业主唯一住房,1224万,185.02平米,"66,156元/平"
朝阳,望京新城东南两居，高层不临街精装修,660万,89.48平米,"73,760元/平"
朝阳,望京西园三居  南北通透   精装修  无遮挡,1095万,148.98平米,"73,500元/平"
朝阳,望京金茂府 精装修一天没住过 南北通透四居 交通便利,3380万,277.98平米,"121,592元/平"
朝阳,朝阳区，立水桥，商办类，全款购买，可注册公司,280万,84.62平米,"33,090元/平"
朝阳,朝阳新城五区 2室1厅 南 北,458万,86.86平米,"52,729元/平"
朝阳,朝阳雅筑 高楼层两居，明厨明卫,630万,104.11平米,"60,513元/平"
朝阳,林达大厦  东南向三居室，采光无遮挡,940万,199.66平米,"47,081元/平"
朝阳,枣营南里小区 双地铁10号线 14号线 朝阳公园 蓝色港湾,440万,63.15平米,"69,676元/平"
朝阳,柏林爱乐一期中间位置南北通透精装两居,660万,100.1平米,"65,935元/平"
朝阳,欢乐谷 紫南家园东南两居满五年唯一 全明格局！,499万,78.98平米,"63,181元/平"
朝阳,此房满五唯一，东南朝向，楼层好，采光充足，视野开阔,495万,69.84平米,"70,877元/平"
朝阳,汇园公寓 南北通透 满五唯一 无抵押 产权清晰,859万,107.92平米,"79,596元/平"
朝阳,江南春晓金都杭城西区南向两居室，诚意出售,835万,98.61平米,"84,678元/平"
朝阳,泛海国际香海园 南北通透，双主卧夹客厅朝南3居，,2280万,197.37平米,"115,520元/平"
朝阳,满五唯一 有钥匙随时能看 全南向三居室,795万,128.78平米,"61,734元/平"
朝阳,满五唯一 望京CBD旁  经典复式3居 多两个天台！,635万,115.49平米,"54,984元/平"
朝阳,满五唯一，南北两居室，高楼层采光好，诚意出售,429万,86.36平米,"49,676元/平"
朝阳,满五唯一，明厨明卫田字格，板楼四层，户型通透，精装,540万,74.58平米,"72,406元/平"
朝阳,满五年唯一商品房 小白楼 人的密度低,369万,72.23平米,"51,087元/平"
朝阳,满五年唯一，中间层，通透两居室，户型好,455万,60.85平米,"74,775元/平"
朝阳,满五年唯一，楼层好，采光好，无遮挡，户型方正大厨房,429万,66.64平米,"64,376元/平"
朝阳,潘家园 铁道宿舍  西南向明厨明卫两居室 诚意出售,430万,64.11平米,"67,073元/平"
朝阳,潘家园东里 2室1厅 南 西,605万,86.71平米,"69,773元/平"
朝阳,澳洲康都朝南一居阳光充足室适合老人还孩子居住,538万,67.78平米,"79,375元/平"
朝阳,澳洲康都，高层南向两居室，带大阳台，落地窗，诚意卖,860万,86.09平米,"99,896元/平"
朝阳,环卫家园 西南向两居 高层采光好,530万,98.89平米,"53,595元/平"
朝阳,珠江帝景伯爵山 高楼层 满五唯一 诚意出售,1150万,113.5平米,"101,322元/平"
朝阳,瑞和国际 东向三居室 两梯六户 封闭管理,760万,143.84平米,"52,837元/平"
朝阳,甄选经典三居+户型方正+08年楼龄+地采暖,717万,104.38平米,"68,692元/平"
朝阳,甘露园南里 满五唯一 精装两居室 南北通透 采光充足,329万,57.36平米,"57,358元/平"
朝阳,直观绿化，视野无遮挡 采光好，满五唯一仅有契税,690万,93.5平米,"73,797元/平"
朝阳,福怡苑南北通透正规三居室，两个卧室朝南。,420万,83.9平米,"50,060元/平"
朝阳,管庄周家井大院 2000年楼龄，不临街,390万,78.24平米,"49,847元/平"
朝阳,精装西南两居，满五年唯一，视野采光好，业主靠谱卖,409万,88.08平米,"46,436元/平"
朝阳,艺水芳园 南北通透三居 满五唯一 精装修 带电梯三居,559万,111.68平米,"50,054元/平"
朝阳,芍药居北里，小区中间位置，南北通透，满五唯一，安静,550万,55.85平米,"98,479元/平"
朝阳,苹果派  满两年 不临街 近地铁 小区居住舒适,245万,37.89平米,"64,661元/平"
朝阳,苹果派 南北通透三居 满五唯一 诚心卖 无遮挡,699万,112.77平米,"61,985元/平"
朝阳,西坝河北里 3室1厅 东南,1065万,142.84平米,"74,559元/平"
朝阳,远洋一方润园6号院 南北通透三居室 诚心出售,420万,88.22平米,"47,609元/平"
朝阳,远洋一方溪语苑 满五唯一  精装修有产权车位 诚心出售,546万,87.93平米,"62,095元/平"
朝阳,远洋万和城A区 全新房未住 刷卡入户 只有契税 诚售,3350万,286.8平米,"116,807元/平"
朝阳,远洋新干线 2010年次顶 特殊户型 只有契税 人车分流,1440万,219.55平米,"65,589元/平"
朝阳,通惠家园惠生园板楼南北两居室，后排，中间楼层,675万,106.72平米,"63,250元/平"
朝阳,金地名京 双南 对园区 视野好,810万,89.83平米,"90,171元/平"
朝阳,金海国际南区 东南北三居室 满五唯一 诚意出售,750万,142.25平米,"52,725元/平"
朝阳,金港国际精装修一居室 视野好 无遮挡,450万,61平米,"73,771元/平"
朝阳,金福家园正规两居室，户型方正。,389万,79.12平米,"49,166元/平"
朝阳,金隅康惠园1号院 2室1厅 南 北,370万,88.13平米,"41,984元/平"
朝阳,金隅悦和园 2室2厅 南,415万,78.82平米,"52,652元/平"
朝阳,金隅泰和园南北通透两居室采光充足看房方便,475万,76.57平米,"62,035元/平"
朝阳,阳光上东 三居 满五唯一 前后观景 视野开阔  带新风,1400万,164.56平米,"85,076元/平"
朝阳,靠谱+靠谱+靠谱+满五唯一+随时可签+随时可看,339万,57.17平米,"59,297元/平"
朝阳,风格雅园 南北通透三居室 2梯3户 带2个明卫,1160万,145.89平米,"79,512元/平"
朝阳,首城国际D区 3室1厅 东 南 北,957万,90.5平米,"105,746元/平"
朝阳,首开常青藤一期 一层带院子 双层阳 光房 不临街诚意卖,940万,160.39平米,"58,608元/平"
朝阳,首开畅心园全明户型两居室 看房方便,310万,71.84平米,"43,152元/平"
海淀,2016年 四环边楼龄新 板楼带电梯两居室,729万,85.43平米,"85,334元/平"
海淀,七彩华园 带电梯 直通车库 南北通透 双卫 中间位置,970万,114.32平米,"84,850元/平"
海淀,万寿寺北里 南北两居室 安静不临街 中间层无遮挡,565万,54.2平米,"104,244元/平"
海淀,万柳新起点嘉园 东北向产权清晰 看房随时有钥匙,1150万,113.81平米,"101,046元/平"
海淀,万泉庄小区 南北三居室 精装修 产权清晰 诚意出售！,886万,76.4平米,"115,969元/平"
海淀,上园村精装修南北两居室 直接入住 中间楼层,585万,58.2平米,"100,516元/平"
海淀,上地西里成本价两居，诚意售房，随时欢迎您看房,1100万,103.7平米,"106,076元/平"
海淀,上庄馨瑞嘉园 1室1厅 南,360万,67.65平米,"53,216元/平"
海淀,两南一北 全明格局 格局好 视野开阔 采光充足,915万,82.2平米,"111,314元/平"
海淀,中关村苏州桥 精装修两居室 诚心出售,702.76万,66.3平米,"105,997元/平"
海淀,中监所西区 南北通透三居带客厅 楼龄新,1314万,95.54平米,"137,535元/平"
海淀,中间位置，中楼层，看房方便，双地铁，单位分房,700万,73.72平米,"94,954元/平"
海淀,中间楼层，满五唯一，客厅不承重，位置好,488万,61.78平米,"78,990元/平"
海淀,五园一水，低密洋房，小区内部边户4居，带2个大阳台,3200万,180.43平米,"177,355元/平"
海淀,五棵松东南角，四环内今日正规2居室，无浪费,838万,98.27平米,"85,276元/平"
海淀,五棵松今日家园南向阳光观景三居室诚心出售,940万,108.01平米,"87,029元/平"
海淀,人行分房，中间楼层，采光充足，楼龄新，随时签约,715万,66.4平米,"107,681元/平"
海淀,今典花园 三居两卫 户型好 满五唯一,1120万,113.15平米,"98,984元/平"
海淀,信息学院家属楼  中间楼层  南北通透三居室,595万,89平米,"66,854元/平"
海淀,八里庄北里 南北通透两居室 中间层 房本满5年,553万,53.72平米,"102,942元/平"
海淀,八里庄北里 满五年唯一 中楼层 客厅朝南有阳台 精装修,606万,58.9平米,"102,887元/平"
海淀,八里庄路63号院南北三居，看房方便,850万,100.91平米,"84,234元/平"
海淀,六层板楼带电梯、 南北通透3+1户型、带1车位一梯两户,2650万,163.82平米,"161,763元/平"
海淀,六道口静淑东里 西南三室两厅两卫 高楼层不临街满五年,1220万,158.6平米,"76,924元/平"
海淀,兵器家属院 南北通透明厨明卫三阳台大两居 中间楼层,740万,63.8平米,"115,988元/平"
海淀,农影小区 南北通透的三居室 满五年唯一 诚心出售,1250万,93.88平米,"133,149元/平"
海淀,前沙涧路7号院 2室1厅 南 北,360万,86.55平米,"41,595元/平"
海淀,北三环 蓟门桥 大钟寺 带电梯 两居室,570万,61.4平米,"92,834元/平"
海淀,北二环积水潭 满五年唯一 东南向三居室 无抵押 随时看,1050万,85.3平米,"123,095元/平"
海淀,北太平庄路2号院 2室1厅 南 北,930万,97.65平米,"95,239元/平"
海淀,北太平路16号院 3室1厅 南 北,766万,69.2平米,"110,694元/平"
海淀,北师大南门对面南北向中间层，精装通透两居室,565万,57.9平米,"97,583元/平"
海淀,北辰香麓欣露园 满五唯一 客厅挑高户型 带100平花园,1360万,248.02平米,"54,835元/平"
海淀,北邮南门  年代新 有电梯 采光好,610万,59.7平米,"102,178元/平"
海淀,北邮南门，南北双通透，50万精装，三层，满五唯一,1195万,102.3平米,"116,814元/平"
海淀,南北通透  满五  双榆树  1997年,1200万,117.41平米,"102,206元/平"
海淀,南北通透三居室小区 直通地库 2016年装修,1215万,136.92平米,"88,738元/平"
海淀,南北通透双阳台，业主诚意出售，小区停车方便，视野好,698万,77.7平米,"89,833元/平"
海淀,双紫小区 精装修 满五唯一 业主诚售,848万,81.64平米,"103,871元/平"
海淀,商品房 带电梯，小两居，采光足，视野好，业主诚售。,485万,55.32平米,"87,672元/平"
海淀,地质大学 中楼层 大客厅三居 采光好  不临街,1050万,95.08平米,"110,434元/平"
海淀,地铁10号线西钓鱼台旁 花园洋房 一层一户 窗外公园,1850万,184.2平米,"100,435元/平"
海淀,复兴路77号院 2室1厅 南,468万,52.5平米,"89,143元/平"
海淀,复兴路79号院 南北向 两居室 满五年 采光好,526万,66.4平米,"79,217元/平"
海淀,复兴路79号院 南北向两居室 满五年 楼层好,660万,75.8平米,"87,072元/平"
海淀,天秀花园古月园 平层四居 业主诚意出售 看房方便,1640万,189.12平米,"86,718元/平"
海淀,天秀花园澄秀园3居满年唯一住宅业主诚意出售,816万,88.98平米,"91,707元/平"
海淀,太平路万寿路低楼层南北通透两居室,490万,51.13平米,"95,835元/平"
海淀,好户型 仅契税 精装修 可以拎包入住 高层景观,1140万,108.25平米,"105,312元/平"
海淀,学知园  三居两卫 精装修  全明格局 满五唯一 有电梯,938万,111.9平米,"83,825元/平"
海淀,学知轩 70年产权 南北通透 跃层 民用水电 有天然气,800万,148.59平米,"53,840元/平"
海淀,定慧寺全明两居室   南北通透  中间楼层,510万,52.45平米,"97,236元/平"
海淀,定慧西里 财政部家属楼 管理好 上下水和暖气更换过,458万,61.6平米,"74,351元/平"
海淀,小泥湾 人大东门 南北通透 中间层 近地铁 看房方便,730万,56.6平米,"128,976元/平"
海淀,带电梯 南北通透 满五唯一 看房方便,949万,108.78平米,"87,241元/平"
海淀,幸福时光 南北双通透两居 满五唯一 不临街,705万,95.43平米,"73,877元/平"
海淀,强Y·府学上院南北通透三居室满五唯一,1165万,139.58平米,"83,465元/平"
海淀,强佑府学上院，电梯小两居，满五唯一，小区人车分流,520万,65.1平米,"79,878元/平"
海淀,御墅临枫锦园一区 2室2厅 南 北,1290万,129.03平米,"99,977元/平"
海淀,志强北园、楼龄新、管理好、诚心出售,559万,63.82平米,"87,591元/平"
海淀,怡美家园三卧朝南满五唯一精装自住拎包入住,1080万,122.39平米,"88,243元/平"
海淀,恩济里1层大两居室 大客厅 看房随时,585万,63.4平米,"92,272元/平"
海淀,恩济里小区 2室1厅 南 北,780万,87.05平米,"89,604元/平"
海淀,成府路20号院边户三居室，南北通透采光好,920万,88.62平米,"103,815元/平"
海淀,房子是东西通透的2居室，带电梯，小区管理好,585万,62平米,"94,355元/平"
海淀,文慧园 满五年 唯一 商品房 自住 精装修,670万,61.2平米,"109,478元/平"
海淀,新上 碧水云天高楼层三居 餐客厅一体 南北通透,2580万,148.69平米,"173,516元/平"
海淀,新外大街甲25号院  满五唯一,1100万,103平米,"106,797元/平"
海淀,昌运宫 3室1厅 东北,680万,72.6平米,"93,664元/平"
海淀,明厅两居，南北通透，采光视野佳。配套交通齐全。,590万,59.79平米,"98,679元/平"
海淀,春晖园 中间楼层 不临街 南北通透 看房方便,650万,76.78平米,"84,658元/平"
海淀,普惠南里 双南两居 满五唯一 精装修 无抵押无贷 诚售,633万,59.7平米,"106,031元/平"
海淀,梅园甲低楼层，满五唯一，性质好。,820万,105.32平米,"77,858元/平"
海淀,此房满五年 家庭名下一套房产 户型好，交通便利,680万,61.3平米,"110,930元/平"
海淀,此房满五年唯一，南北通透，有电梯，无遮挡,595万,89.45平米,"66,518元/平"
海淀,气象西苑2000年楼龄：东向，大客厅两居，有电梯中间层,918万,90.23平米,"101,740元/平"
海淀,水文大院南北向三居室，中间楼层，近地铁,655万,66平米,"99,243元/平"
海淀,水科院 环境好 近地铁6/9号线白石桥南 近紫竹院公园,1338万,97.73平米,"136,908元/平"
海淀,水科院 西南两居 带电梯 满五唯一 看房方便,850万,73.2平米,"116,121元/平"
海淀,水科院高楼层一居，视野好，采光充足，有电梯,468万,40.8平米,"114,706元/平"
海淀,永定路西里，东向两居室，户型方正，采光好,799万,83.01平米,"96,254元/平"
海淀,永泰东里 2室1厅 南 北,488万,60.22平米,"81,037元/平"
海淀,永泰东里 明厅户型 南北通透 精装修,555万,67.93平米,"81,702元/平"
海淀,永泰园，三居室双卫，客厅双卧都朝南,905万,139.59平米,"64,833元/平"
海淀,海淀产权   橙色年代西南两居室    高楼层 有钥匙,730万,96.74平米,"75,460元/平"
海淀,海淀北部新区  一层五居室 小区中部位置 装修不错,1960万,325.78平米,"60,164元/平"
海淀,海淀北部新区  正源尚峰尚水 顶层 有附加面积,965万,124.11平米,"77,754元/平"
海淀,海淀北部新区 南北通透三居室 满五年唯一商品房,518万,83.97平米,"61,689元/平"
海淀,海淀区  同泽园西里  满五年唯一  低楼层,290万,68.06平米,"42,610元/平"
海淀,海淀区万柳万泉新新家园近地铁3居,3100万,177.31平米,"174,836元/平"
海淀,海淀南路 南北通透正规四居 满五唯一 看房随时,1230万,113平米,"108,850元/平"
海淀,海淀四季青昆玉河边眼镜户型3居室,2099万,165.29平米,"126,989元/平"
海淀,海清园 西南朝向 户型方正 满五唯一 采光好,580万,88.29平米,"65,693元/平"
海淀,清缘东里视野好，楼上已装修，满五年,670万,84.23平米,"79,545元/平"
海淀,清缘里南北通透两居室，临河观景，无遮挡，看房随时,598万,76.43平米,"78,242元/平"
海淀,满五年唯一，中间层，带西窗，三环内，随时签约,505万,47.7平米,"105,871元/平"
海淀,满五年，家庭一套住房，中间位置，临水系，采光好,1199万,121.76平米,"98,473元/平"
海淀,满五年，家庭唯一，南北两居，客厅朝南,570万,70.8平米,"80,509元/平"
海淀,满庭芳园东南向三居室 经典户型 有钥匙看房方便,1420万,132.71平米,"107,001元/平"
海淀,烟树园两居室，不临街，采光没有遮挡，看房方便,850万,99.72平米,"85,239元/平"
海淀,燕北园 中间层 不临街 南北向 三居,820万,81.6平米,"100,491元/平"
海淀,牡丹园小区，诚心出售，看房有钥匙，楼龄新，单位分房,625万,61.9平米,"100,970元/平"
海淀,独门独户两院独享 新风净水玄关健康 进口地暖真空隔窗,1353.1万,129.07平米,"104,835元/平"
海淀,玉泉路16号院南北小两居 中楼层 楼龄新 诚心出售,556万,60.27平米,"92,252元/平"
海淀,玉海园三里新上两居室+精装修+南北通透+满五年,593万,72.65平米,"81,625元/平"
海淀,甘家口小区楼龄新电梯直达全明一居室,440万,43.3平米,"101,617元/平"
海淀,田村33号院 2室1厅 南,580万,104.54平米,"55,482元/平"
海淀,田村33号院 中间楼层 看房方便,713万,134.1平米,"53,170元/平"
海淀,田村山南路9号院 南北三居室 低楼层,720万,89.61平米,"80,349元/平"
海淀,电梯房 两居 中间层 采光好 满五唯一,690万,76.78平米,"89,868元/平"
海淀,百旺家苑新房源 南北通透 不临街带电梯 楼层好两居室,1060万,115.17平米,"92,038元/平"
海淀,皂君东里满五年中间层 明厨明卫全南向两居 采光好,625万,60.4平米,"103,477元/平"
海淀,稻香园西里  满五唯一  精装电梯两居  格局不错,720万,64.7平米,"111,283元/平"
海淀,精装修两居室 采光充足 满五唯一 随时可签约,552万,55.4平米,"99,639元/平"
海淀,索家坟、南北通透、精装修、诚心出售、随时配合签约,550万,54.2平米,"101,477元/平"
海淀,美丽西园2003年商品房南北通透2居室,835万,93.84平米,"88,982元/平"
海淀,美林花园 南北两侧双花园 精装修 安静视野好采光好,1820万,201.56平米,"90,296元/平"
海淀,翠微东里小区！南北朝向！小区中间不临街！,710万,65.3平米,"108,729元/平"
海淀,翠微南里1层南北2室2厅2卫 适合老年人诚心卖多14平,580万,54.29平米,"106,834元/平"
海淀,育新花园二期大三居把边南北向客厅有飘窗,726万,93.11平米,"77,973元/平"
海淀,花园式社区，南北通透三居室，中间楼层带电梯,1230万,115.43平米,"106,559元/平"
海淀,花园村 南北通透三居室 格局方正采光好,728万,77.4平米,"94,057元/平"
海淀,花园桥  外文局 车公庄西路35号院,699万,59平米,"118,475元/平"
海淀,莱圳家园 南向两居室 ，中间楼层，景观视野好,745万,75.83平米,"98,247元/平"
海淀,西三旗北新家园三居中楼层满五唯一,490万,70.2平米,"69,801元/平"
海淀,西三环 厂洼 全明格局 南北通透精装 近地铁,705万,67.4平米,"104,600元/平"
海淀,西三环北路56号院精装三居诚心出售,820万,72.6平米,"112,948元/平"
海淀,西四环  田村 碧森里  三居室    电梯房，南北通透，,1120万,131.63平米,"85,087元/平"
海淀,西四环内，三卧皆朝南，明厨明卫，满五唯一南北通透。,799万,92.69平米,"86,202元/平"
海淀,西直门商圈 04年房龄 满五唯一精装修小区环境好有车位,398万,38.39平米,"103,673元/平"
海淀,西直门明光村小区东南向三居双卧朝南采光好安静不临街,830万,79.5平米,"104,403元/平"
海淀,西直门红联南村小区 南北通透两居室 有客厅,656万,67.46平米,"97,243元/平"
海淀,诚心出售！ 南向 次顶层 三居 满五唯一商品房 方便看,939万,106.94平米,"87,807元/平"
海淀,车道沟南里 东南向 优质两居 居住舒适,612万,68.9平米,"88,825元/平"
海淀,郦城三区 明厨明卫  一层花园 双卧朝南 40平储藏间,1626万,142.26平米,"114,298元/平"
海淀,金晖嘉园小区位于西直门桥东北角，属于海淀本房有车位,1300万,106.1平米,"122,526元/平"
海淀,金沟河3号院 1室1厅 南 北,350万,41.68平米,"83,974元/平"
海淀,金隅山墅 南北通透 毛坯 上叠拼别墅,1600万,224.81平米,"71,172元/平"
海淀,金雅园南区南北三居室一梯两户居家装修有车位,1360万,141.85平米,"95,876元/平"
海淀,铁东精装两居室 中间楼层 配套齐全,510万,51.1平米,"99,805元/平"
海淀,铭科苑 中间位置 中间楼层 精装两居室,545万,66.3平米,"82,203元/平"
海淀,铭科苑 南北两居室 满五年唯一 采光好 诚意出售,535万,65平米,"82,308元/平"
海淀,门头馨村北二区两居 二层 双卧朝南 稳定出售,555万,92.74平米,"59,845元/平"
海淀,门头馨村北二区两居 南北朝向 二层 稳定出售,520万,92.89平米,"55,981元/平"
海淀,韦伯豪家园 高楼层 南北通透 三居室 满五年唯一,2080万,169.25平米,"122,896元/平"
海淀,韦伯豪家园大复式 南北通透，全明卫 诚心出售,2500万,231.2平米,"108,132元/平"
海淀,飞达社区 南北 双卧朝南 厅朝东 明卫 精装 中间楼层,1320万,104.5平米,"126,316元/平"
海淀,香山南营 植物园旁边 南北通透二居室 看房有钥匙,455万,70.52平米,"64,521元/平"
海淀,高梁桥斜街乙40号院 2室1厅 南 北,656万,63平米,"104,127元/平"
海淀,高第小区 南向 花园式小区环境 2005年建成 精装修,1120万,106.3平米,"105,363元/平"
西城,1997北礼士路 高楼层 带电梯正规大客厅 房龄新 精装修,760万,60.1平米,"126,456元/平"
西城,2000年房龄 面宽大南北双通透 两明卫大客厅朝南,1850万,133.5平米,"138,577元/平"
西城,2002年小区 楼龄新 两梯五户 电梯直达 纯商品房,970万,130.03平米,"74,599元/平"
西城,93年建南北通透格局好，通风采光好，社区成熟，,610万,57.57平米,"105,958元/平"
西城,96年小区，满五年唯一精装修，拎包即住,645万,73.89平米,"87,292元/平"
西城,98年钢混，电梯直达，满五年唯一，精装，业主诚心出售,660万,73.96平米,"89,238元/平"
西城,一梯三户电梯直达车库满五唯一得房率83.55%视野好,655万,48.71平米,"134,470元/平"
西城,三里河三区 南北通透 中间楼层,930万,84.1平米,"110,583元/平"
西城,三里河三区 双南采光好两居 诚意出售,860万,66.7平米,"128,936元/平"
西城,三里河东路7号院南北一居房主诚心出售,700万,51.3平米,"136,453元/平"
西城,三里河北街3号院 3室1厅 东南,1080万,71.7平米,"150,628元/平"
西城,三里河南二巷双南两居，采光好，无遮挡,789万,54.9平米,"143,716元/平"
西城,中央音乐学院家属楼，南北通透，装修好，拎包入住,1268万,79.8平米,"158,898元/平"
西城,丰汇园小区 3室2厅 东 西,2450万,149.2平米,"164,210元/平"
西城,主推*西城+带电梯+三居室+西南向+楼龄新+近公园 地铁,998万,82.2平米,"121,412元/平"
西城,乐城 北向开间 满五年家庭名下唯一住房商品房 无遮挡,445万,42.88平米,"103,778元/平"
西城,乐城小区西南向三居 户型方正诚心出售！,930万,105.81平米,"87,894元/平"
西城,二环里 楼龄新 高楼层 视野好 采光充足 可随时签约,1170万,158.36平米,"73,883元/平"
西城,二环里 精装修 南北三居诚意出售,715万,81.46平米,"87,774元/平"
西城,京师吉地，2011年楼龄，看房方便，小区户型好,1550万,91.43平米,"169,529元/平"
西城,侨办大院  三室一厅  有电梯  满五年唯一,1400万,93.9平米,"149,095元/平"
西城,信建里小区 1室1厅 南,519万,36.41平米,"142,544元/平"
西城,六铺炕二区  中石油花园式洋房,679万,52.2平米,"130,077元/平"
西城,六铺炕二区 满五年，带电梯，一居室带客厅，精装修。,775万,43.8平米,"176,941元/平"
西城,北礼士路 1室1厅 东,690万,50.2平米,"137,451元/平"
西城,南北双通透，中间层采光好，层高2.7米，有钥匙随时看,1290万,83.3平米,"154,862元/平"
西城,南北向3居室 中间楼层 朝南大客厅 无遮挡,1450万,94.01平米,"154,239元/平"
西城,南北通透正规两室一大客厅，满五唯一商品房，诚心出售,789万,52.06平米,"151,556元/平"
西城,南礼士路甲1号院双卧室朝南两居室出售,605万,47.9平米,"126,305元/平"
西城,南纬路2号院 2室1厅 南,799万,68.95平米,"115,882元/平"
西城,南纬路2号院，南北通透两居室，高层视野采光好,638万,64.37平米,"99,115元/平"
西城,南纬路，南北两居室，先农坛，陶然亭,625万,54.15平米,"115,421元/平"
西城,"双南向，电梯房，采光好, 满五年住房, 随时看房",730万,50.7平米,"143,985元/平"
西城,右安门内西街甲2号院 2室1厅 南 北,865万,75.16平米,"115,088元/平"
西城,复地西绒线26号 高楼层看西山 管家式物业,1075万,66.85平米,"160,808元/平"
西城,太仆寺33号院 满五年 看房有钥匙,1160万,68.3平米,"169,839元/平"
西城,太平里  南北通透  中间楼层 采光好,750万,77.78平米,"96,426元/平"
西城,央企开发，满五唯一，全明格局，高楼层，无遮挡,720万,73.77平米,"97,601元/平"
西城,姚家井二巷工信部央产房，80平三居室，靠谱出售,590万,80.66平米,"73,147元/平"
西城,宣武门外东里，南北通透4居室，明厨明卫，户型方正,1050万,82.62平米,"127,088元/平"
西城,宣武门西大街 新华社单位分房 双南向两居室,650万,52.66平米,"123,434元/平"
西城,小区年代新2004年，满五唯一，南北通透,820万,62.49平米,"131,221元/平"
西城,小区车位充足，四居室，中组部分房，阜成门，月坛公园,1218万,117.7平米,"103,484元/平"
西城,小红庙全南精装两居，不临街不把边室内安静，采光好,530万,52.63平米,"100,704元/平"
西城,展览路 两居室带电梯 门禁管理 楼龄偏新 产权无抵押,679万,53.2平米,"127,632元/平"
西城,展览路 优质两居室 南北通透 中间楼层 满五年,746万,57.8平米,"129,066元/平"
西城,平原里大窗两居 中间层 满五年 诚意出售,750万,63.79平米,"117,574元/平"
西城,广南小区 南北通透 精装修两居室,620万,76.61平米,"80,930元/平"
西城,广外南街63号院 带电梯 正规三居室,950万,100.7平米,"94,340元/平"
西城,广安门  天宁寺  广华轩  电梯  复式,1480万,193.46平米,"76,502元/平"
西城,广安门外大街 满五年 95年楼龄新 交通方便,530万,54.34平米,"97,535元/平"
西城,广安门车站西街13号 满二年  95年建成,719万,78.42平米,"91,686元/平"
西城,建功北里 2室1厅 西北,619万,66.55平米,"93,013元/平"
西城,德外马甸南村 低楼层2居室 南北通透格局方正 电梯房,900万,72.3平米,"124,482元/平"
西城,德胜里一区 双南向2居室 业主诚售,810万,50.1平米,"161,677元/平"
西城,房本已满五年中间楼层朗琴园一居交通购物便利花园社区,685万,57.17平米,"119,819元/平"
西城,房满五东南西边户住房，东西南朝向，采光充足,870万,60.2平米,"144,519元/平"
西城,扣钟北里 东向两居 有电梯 视野开阔 无遮挡,796万,65平米,"122,462元/平"
西城,扣钟北里 南北向明厨明卫户型 精装修一居室,610万,48.2平米,"126,557元/平"
西城,文联宿舍  封闭社区  机关物业  诚心出售,1200万,80.6平米,"148,884元/平"
西城,新德街35号院2000年建成钢混结构南北向两居中间层,1340万,89.5平米,"149,721元/平"
西城,新文化街 东北向两居 低楼层 无抵押,880万,67.3平米,"130,758元/平"
西城,新街口 后桃园胡同南北三居 中间楼层采光好,798万,57.1平米,"139,755元/平"
西城,新街口 大乘巷 西城教委家属院 中间层 精装 随时可看,1040万,74.3平米,"139,974元/平"
西城,新街口外大街甲8号院 东西通透 满五,960万,66.2平米,"145,016元/平"
西城,新街口外大街甲8号院 南北通透 满五年唯一,770万,45.7平米,"168,491元/平"
西城,月坛西街东里21号院，三居室，户型方正，诚心出售。,810万,56.9平米,"142,356元/平"
西城,朗琴园 正规一室一厅 大落地窗,652万,57.17平米,"114,046元/平"
西城,机械部汽南小区满五年家庭唯一住房 低楼层,1080万,70.9平米,"152,328元/平"
西城,格调小区 精装大一居，满五唯一,855万,87.44平米,"97,782元/平"
西城,椿树园低楼层市政直水，1999年满五唯一精装修好房。,665万,47.95平米,"138,687元/平"
西城,汽北小区  带车位 南北通透 1977年 可贷款 中楼层,1420万,96.2平米,"147,610元/平"
西城,汽北小区小区 南北通透两居室 诚心出售,650万,52.8平米,"123,107元/平"
西城,法源寺西里 央产大院 通透大格局  无遮挡采光好,1160万,123.36平米,"94,034元/平"
西城,清芷园西南两居室，户型方正没有浪费面积,995万,80.68平米,"123,327元/平"
西城,满五唯一  东西向两居室    户型方正   诚心出售,499万,48.5平米,"102,887元/平"
西城,满五唯一 南北通透 好楼层 采光充足 随时可谈可签,885万,62.9平米,"140,700元/平"
西城,满五唯一 看房方便 诚心出售 楼层适中,578万,50.97平米,"113,401元/平"
西城,满五唯一 视野好，采光好，格局方正,759万,73平米,"103,973元/平"
西城,满五唯一，中间层，眼镜户型，俩卧室分开，无遮挡,920万,91.48平米,"100,569元/平"
西城,满五年唯一商品房，南北通透，采光好，视野好,828万,79.4平米,"104,283元/平"
西城,满五年家庭唯一住房，中间楼层，南北朝向通透 采光好,930万,61.6平米,"150,975元/平"
西城,牛街西里西南向两居 无遮挡采光好看房方便 诚意出售,763万,74.93平米,"101,829元/平"
西城,牛街高层景观房，满5年，不临街，室内安静,760万,77.24平米,"98,395元/平"
西城,玉桃园三区 中间楼层 朝南一居室 没有遮挡,640万,43.1平米,"148,492元/平"
西城,百万庄丑区 南北通透  明厨明卫,675万,61.3平米,"110,115元/平"
西城,百万庄南北通透两居 全明格局  户型好无浪费 满五年,691万,59.86平米,"115,437元/平"
西城,百万庄辰区正规两居室，业主诚意出售，成本价住房,715万,61.6平米,"116,072元/平"
西城,真武庙二里 全总精装修一居 电梯,668万,44.4平米,"150,451元/平"
西城,红居南街 2室1厅 西北,469万,45.77平米,"102,469元/平"
西城,红莲东南向阳光两居，满五唯一、电梯房，1995年建成,725万,70.26平米,"103,189元/平"
西城,红莲晴园 三居双卫 阳台大 中间楼层 采光好 无遮挡,1200万,117.67平米,"101,981元/平"
西城,红莲晴园 正规三居 业主诚心出售 看房方便,1180万,145.35平米,"81,184元/平"
西城,罗贤胡同，低楼层，南北精装两居室,760万,53.5平米,"142,057元/平"
西城,考拉社区 白纸坊桥 小户型 满五唯一,478万,40.42平米,"118,259元/平"
西城,航空胡同40号院  南北通透  双卧朝南 后海三居室,1028万,86.6平米,"118,707元/平"
西城,荣丰2008，二期复式，满五年唯一，挑高4.8米,499万,32.93平米,"151,534元/平"
西城,莲花池东路甲5号院  户型方正 有燃气,1150万,143.15平米,"80,336元/平"
西城,菜市口牛街 东南两居 无遮挡 采光好,712万,72.89平米,"97,682元/平"
西城,融城 2005年商品房小区 正规三居室 电梯高层,1860万,157.68平米,"117,961元/平"
西城,裕中东里南北三居 全明格局 可签约,998万,77.8平米,"128,278元/平"
西城,裕中西里 南北通透三居室 正南正北 采光好,1250万,89.1平米,"140,292元/平"
西城,西便门内大街79号院 南北两居 中间楼层,650万,58.29平米,"111,512元/平"
西城,西华经典 近地铁 楼层高 无遮挡 采光好 诚意出售,1298万,123.21平米,"105,349元/平"
西城,西单 新壁街 全南两居 有院子,900万,59.87平米,"150,326元/平"
西城,西单金融街京畿道小区南北通透精装修两居室,1040万,57.9平米,"179,621元/平"
西城,西城 常青藤嘉园 2005年商品房 两梯六户,459万,34.87平米,"131,632元/平"
西城,西城 广外 荣丰2008 复式 满五唯一 视野开阔 交通便利,480万,27.86平米,"172,291元/平"
西城,西城 手帕口北街 南北两居室 满五年业主在京就一套,536万,53.84平米,"99,555元/平"
西城,西城 荣丰 住宅  可贷款 复式 精装修阳光足 看房方便,525万,34.53平米,"152,042元/平"
西城,西城两居，南北无遮挡，视野好，小区管理好，湾子站。,609万,58.86平米,"103,466元/平"
西城,西城二环内 电梯两居 天坛公园 友谊医院 地铁7、8号线,639万,60.48平米,"105,655元/平"
西城,西城区 南北三居 明厨明卫 低楼层 采光充足 满五年,780万,77.78平米,"100,283元/平"
西城,西城区 南向一居 低楼层 无遮挡 满五年央产房,460万,40.37平米,"113,946元/平"
西城,西城区 广安门 恒昌花园 南北通透大四居,1850万,198.35平米,"93,270元/平"
西城,西城区 红莲中里 板楼 南向 一居室 满五年家庭唯一,415万,31.7平米,"130,915元/平"
西城,西城区、二环内、右安门内西街甲2号院,780万,81.47平米,"95,741元/平"
西城,西城区全明户型3居室，单价八万出头,619万,77.31平米,"80,068元/平"
西城,西城团结大院 满五年唯一商品房 有钥匙,570万,41平米,"139,025元/平"
西城,西城安德路优质三居室，田字格户型格局好采光好,885万,68.3平米,"129,576元/平"
西城,西城广安门、手帕口北街、南北通透、出行方便,545万,62.34平米,"87,424元/平"
西城,西城月坛金融街展览路都在附近 配套齐全,850万,57.31平米,"148,317元/平"
西城,西城黄寺大街24号院，全南向，户型好,1499万,94.4平米,"158,793元/平"
西城,西派国际公寓2009年封闭式小区  东西南 高楼层 视野好,2680万,193.34平米,"138,616元/平"
西城,西直门 车公庄 中间层  无遮挡 不临街,688万,59.2平米,"116,217元/平"
西城,西直门内大街 央产两居 带电梯 视野好,895万,67.3平米,"132,987元/平"
西城,西直门南大街四居室业主诚心出售，看房方便,1300万,94.2平米,"138,005元/平"
西城,车公庄大街南北两居室 满五年住房 随时看房和签约,720万,56.7平米,"126,985元/平"
西城,车站东街甲9号院南北向二居室 95年建 满五年名下一套,568万,54.64平米,"103,954元/平"
西城,车站西街17号院南北向两居，精装修，低楼层,620万,54.84平米,"113,057元/平"
西城,车站西街9号院南北通透两居室，业主诚心出售,816万,79.22平米,"103,005元/平"
西城,远见名苑商品房一居室，楼层，视野都很棒,538万,57.75平米,"93,161元/平"
西城,里仁街6号院 南北通透三居 精装 中间层 近地铁,928万,69.52平米,"133,487元/平"
西城,长椿街 广安门 朝南小两居 满二唯一,560万,50.22平米,"111,510元/平"
西城,长椿街 满五南北通透明厨明卫中间楼层有电梯,720万,60.73平米,"118,558元/平"
西城,长椿街 粮食局家属院 南北三居 户型方正,720万,68.96平米,"104,409元/平"
西城,阜成门南大街 带电梯两居室 视野好,615万,40.1平米,"153,367元/平"
西城,阜成门外北街 中间楼层 南北通透明厨明卫，随时签约,730万,59平米,"123,729元/平"
西城,阳光丽景南北通透 经典大三居 有产权车位 高层视野,2390万,146.71平米,"162,907元/平"
西城,陶然亭公园  低楼层   明厨明卫  一室一厅,498万,39.46平米,"126,204元/平"
西城,陶然亭四平园 满五唯一  采光和视野很好,730万,58.09平米,"125,668元/平"
西城,陶然亭平原里小区南北通透一居室采光无遮挡,595万,50.12平米,"118,716元/平"
西城,馨莲茗园 高层精装修 南北通透 满五唯一商品房,1459万,148.77平米,"98,071元/平"
西城,马甸南村  南北通透两居  把边户型  临近公园,990万,65.11平米,"152,051元/平"
西城,马相西巷中间楼层，无遮挡，随时签约，采光好,595万,39.61平米,"150,215元/平"
西城,马连道北里 南北通透3居室 满5唯一 交通便利 配套齐全,598万,56.76平米,"105,356元/平"
西城,黄寺大街 南北通透三居室 大客厅 满五唯一 95年楼龄,870万,55.8平米,"155,914元/平"
西城,黄瓜园南北通透三居室，中间楼层，1992年楼龄新,1200万,97.1平米,"123,584元/平"
西城,龙泉胡同  全南向的两居   房子满五年  业主诚意,598万,51.24平米,"116,706元/平"
西城,龙泉胡同/教职工宿舍楼-经典东西三居,740万,69.83平米,"105,972元/平"
